ID,excluded_eyegaze_data,excluded_pupil_data,Dx,Age,Sex,Calm_Direct_FinalMax,Calm_Avert_FinalMax,Angry_Direct_FinalMax,Angry_Avert_FinalMax,Fix_a_d_BG,Fix_a_d_EY,Fix_a_d_MO,Fix_a_d_None,Fix_a_a_BG,Fix_a_a_EY,Fix_a_a_MO,Fix_a_a_None,Fix_c_d_BG,Fix_c_d_EY,Fix_c_d_MO,Fix_c_d_None,Fix_c_a_BG,Fix_c_a_EY,Fix_c_a_MO,Fix_c_a_None,Dwell_a_d_BG,Dwell_a_d_EY,Dwell_a_d_MO,Dwell_a_d_None,Dwell_a_a_BG,Dwell_a_a_EY,Dwell_a_a_MO,Dwell_a_a_None,Dwell_c_d_BG,Dwell_c_d_EY,Dwell_c_d_MO,Dwell_c_d_None,Dwell_c_a_BG,Dwell_c_a_EY,Dwell_c_a_MO,Dwell_c_a_None,msOffscreena_a,msOffscreenc_a,msOffscreena_d,msOffscreenc_d,msOnBackgrounda_a,msOnBackgroundc_a,msOnBackgrounda_d,msOnBackgroundc_d,pctAway_a_d,pctAway_a_a,pctAway_c_d,pctAway_c_a,maxImgPctEndGrowa_a,maxImgPctEndGrowc_a,maxImgPctEndGrowa_d,maxImgPctEndGrowc_d,meanFixLatencya_a,meanFixLatencyc_a,meanFixLatencya_d,meanFixLatencyc_d,pctFirstFixa_aEY,pctFirstFixa_aMO,pctFirstFixa_aBG,pctFirstFixa_aNone,pctFirstFixc_aEY,pctFirstFixc_aMO,pctFirstFixc_aBG,pctFirstFixc_aNone,pctFirstFixa_dEY,pctFirstFixa_dMO,pctFirstFixa_dBG,pctFirstFixa_dNone,pctFirstFixc_dEY,pctFirstFixc_dMO,pctFirstFixc_dBG,pctFirstFixc_dNone,meanPupilDilationStima_a,meanPupilDilationStimc_a,meanPupilDilationStima_d,meanPupilDilationStimc_d,FM_a_d_BG,FM_a_d_EY,FM_a_d_MO,FM_a_d_None,FM_a_a_BG,FM_a_a_EY,FM_a_a_MO,FM_a_a_None,FM_c_d_BG,FM_c_d_EY,FM_c_d_MO,FM_c_d_None,FM_c_a_BG,FM_c_a_EY,FM_c_a_MO,FM_c_a_None,meanRT-a_a,meanRT-c_a,meanRT-a_d,meanRT-c_d,msMissing.a_a,msMissing.a_c,msMissing.d_a,msMissing.d_c,msTotal.a_a,msTotal.a_c,msTotal.d_a,msTotal.d_c,nBlinks,nFixations,nSaccades,pctMissing.a_a,pctMissing.a_c,pctMissing.d_a,pctMissing.d_c,pctOffscreen.a_a,pctOffscreen.a_c,pctOffscreen.d_a,pctOffscreen.d_c,pctOnBackground.a_a,pctOnBackground.a_c,pctOnBackground.d_a,pctOnBackground.d_c,pctPupilTrialsExcluded,pctSamplesMissingL,pctSamplesMissingR,pctSamplesOffscreenL,pctSamplesOffscreenR,pctTrialsExcludedL,pctTrialsExcludedR
20950,0,0,DMDD,17.9712525667351,FEMALE,8.01090033333333,8.09116233333333,7.90950133333333,8.214222,17,27,0,6,6,15,0,2,16,38,0,4,12,18,0,1,3912.0,18982.7,0.0,1326.0,1013.6,12473.7,0.0,426.0,5179.6,25092.4,0.0,565.0,1817.4,14444.1,0.0,150.0,2312,3036,5256,5470,6832,7184,9926,13116,13.88,12.542,16.989,14.013,44.5,44.5,41.8,98.9,351.263,520.588,436.714,252.069,16.667,0.0,16.667,4.167,29.167,0.0,20.833,4.167,33.333,0.0,13.889,2.778,41.667,0.0,16.667,2.778,13.129,4.668,-17.307,-27.423,0.472222222,0.75,0.0,0.166666667,0.25,0.625,0.0,0.083333333,0.416666667,1.083333333,0.0,0.111111111,0.545454545,0.818181818,0.0,0.045454545,0.402,0.39,0.392,0.419,4336,8292,7570,7162,72902,72932,109376,109404,567,2663,2469,5.948,11.369,6.921,6.546,3.171,4.163,4.805,5.0,9.371,9.85,9.075,11.989,1.667,5.0,6.8,5.9,5.1,0.8,1.7
21376,0,1,DMDD,17.0,FEMALE,6.69881533333333,6.859142,6.266221,6.501803,19,15,0,0,23,7,0,1,35,14,0,2,18,10,0,2,11705.9,16503.4,0.0,0.0,17112.4,7247.1,0.0,307.0,22985.6,12438.7,0.0,408.0,11861.2,13607.2,0.0,549.0,1602,1708,1657,2599,14201,11964,13306,20172,13.68,21.668,20.833,18.747,100.0,100.0,100.0,100.0,372.353,745.412,512.389,541.192,16.667,0.0,41.667,4.167,25.0,0.0,25.0,4.167,16.667,0.0,19.444,0.0,22.222,0.0,33.333,5.556,-240.548,-71.04,-225.105,-282.316,0.612903226,0.483870968,0.0,0.0,1.15,0.35,0.0,0.05,1.09375,0.4375,0.0,0.0625,0.85,0.55,0.0,0.1,0.641,0.65,0.636,0.631,14583,16738,27375,27582,72934,72931,109383,109303,693,1507,1432,19.995,22.95,25.027,25.234,2.197,2.342,1.515,2.378,19.471,16.405,12.165,18.455,25.833,30.9,27.7,1.6,2.4,8.3,9.2
21835,0,0,Sub-DMDD,17.45106091718,FEMALE,2.86185633333333,2.678309,3.17821966666667,3.19851233333333,12,6,2,0,13,5,2,0,12,7,1,0,9,12,2,0,6312.3,3820.0,697.0,0.0,4497.6,2764.0,899.2,0.0,4118.6,5561.8,334.0,0.0,3431.8,8730.3,517.5,0.0,1244,2540,1018,1896,2656,5278,2106,6338,2.857,5.349,7.527,10.729,52.5,73.8,74.8,61.9,651.083,627.182,666.75,697.857,8.333,4.167,4.167,0.0,25.0,4.167,12.5,0.0,5.556,0.0,8.333,0.0,8.333,0.0,11.111,0.0,-38.11,-40.888,-32.332,-50.006,0.277777778,0.194444444,0.055555556,0.0,0.541666667,0.208333333,0.083333333,0.0,0.333333333,0.194444444,0.027777778,0.0,0.375,0.5,0.083333333,0.0,0.641,0.75,0.668,0.686,1254,1146,1542,1982,72900,72870,109318,109388,393,1979,1779,1.72,1.573,1.411,1.812,1.706,3.486,0.931,1.733,3.643,7.243,1.926,5.794,0.0,2.7,2.8,1.8,2.9,0.0,0.0
22498,0,0,DMDD,13.6344969199179,MALE,5.128121333,4.595885,5.545234333,5.156089667,14,17,0,0,16,10,0,0,8,16,0,0,6,12,0,0,5747.2,10661.3,0.0,0.0,6834.2,7244.0,0.0,0.0,2309.4,12805.7,0.0,0.0,2279.0,9271.4,0.0,0.0,3958,4836,7060,9704,10034,9892,13488,16456,18.776,19.195,23.921,20.198,47.2,73.8,55.2,88.6,656.35,744.688,706.815,661.5,12.5,0.0,66.667,0.0,8.333,0.0,50.0,0.0,16.667,0.0,38.889,5.556,25.0,0.0,27.778,0.0,-122.965,-83.937,-93.922,-140.345,0.970588235,0.558823529,0.0,0.088235294,1.260869565,0.391304348,0.0,0.0,0.666666667,0.75,0.0,0.027777778,0.909090909,0.681818182,0.0,0.0,0.345,0.373,0.36,0.375,6754,8880,12150,7976,72894,72916,109432,109360,638,3107,2930,9.266,12.178,11.103,7.293,5.43,6.632,6.451,8.873,13.765,13.566,12.325,15.048,1.667,8.2,8.1,5.9,5.4,4.2,25.8
22705,0,0,DMDD,13.7029431895962,MALE,5.12812133333333,4.595885,5.54523433333333,5.15608966666667,69,0,0,0,45,0,0,1,57,9,0,1,31,0,0,0,43081.1,0.0,0.0,0.0,30759.0,0.0,0.0,244.0,47103.2,5816.7,0.0,272.0,23635.9,0.0,0.0,0.0,994,1070,1206,1924,34154,38402,49746,41616,46.585,48.198,39.79,54.124,55.2,53.8,88.6,100.0,438.143,967.455,447.19,901.857,0.0,0.0,54.167,0.0,0.0,0.0,45.833,0.0,0.0,0.0,55.556,0.0,8.333,0.0,50.0,0.0,-3.32,-32.28,-21.745,-36.726,1.916666667,0.0,0.0,0.0,1.956521739,0.0,0.0,0.043478261,1.583333333,0.25,0.0,0.027777778,1.476190476,0.0,0.0,0.0,0.499,0.458,0.517,0.529,588,2042,1128,2058,72924,72928,109374,109424,279,1947,1728,0.806,2.8,1.031,1.881,1.363,1.467,1.103,1.758,46.835,52.657,45.482,38.032,5.833,3.6,2.1,1.7,1.8,0.8,2.5
22878,0,0,ADHD,14.590006844627,MALE,4.934298,3.96023166666667,4.68896,4.697155,3,28,0,0,4,23,0,0,9,31,0,0,6,25,0,0,905.9,28400.7,0.0,0.0,2212.5,23932.5,0.0,0.0,5461.8,33791.7,0.0,0.0,3648.9,20050.0,0.0,0.0,792,1952,1308,1118,1100,2886,2090,4116,3.107,2.594,4.785,6.635,100.0,64.5,100.0,60.5,889.333,984.091,886.091,810.077,16.667,0.0,8.333,0.0,29.167,0.0,12.5,0.0,11.111,0.0,5.556,0.0,16.667,0.0,8.333,0.0,-15.838,-14.967,-26.603,-24.386,0.083333333,0.777777778,0.0,0.0,0.083333333,1.0,0.0,0.0,0.25,0.861111111,0.0,0.0,0.25,1.041666667,0.0,0.0,0.567,0.467,0.47,0.476,2994,3646,2198,2714,72946,72912,109384,109374,294,992,759,4.104,5.001,2.009,2.481,1.086,2.677,1.196,1.022,1.508,3.958,1.911,3.763,0.0,3.9,2.5,2.1,1.1,4.2,0.0
23046,0,0,DMDD,15.419575633128,MALE,2.93140233333333,2.99072033333333,2.72774178571429,2.9784524137931,6,35,1,0,1,18,0,0,1,29,0,0,0,20,0,1,3459.6,41261.0,221.8,0.0,289.1,26104.3,0.0,0.0,179.6,41818.5,0.0,0.0,0.0,25104.5,0.0,573.0,19,637,95,86,73,1369,3061,247,2.884,0.126,0.305,2.752,100.0,66.8,100.0,69.9,906.2,992.667,914.562,1052.0,12.5,0.0,0.0,0.0,16.667,0.0,0.0,0.0,27.778,2.778,5.556,0.0,16.667,0.0,2.778,0.0,42.397,10.54,20.841,51.626,0.166666667,0.972222222,0.027777778,0.0,0.041666667,0.75,0.0,0.0,0.027777778,0.805555556,0.0,0.0,0.0,0.833333333,0.0,0.041666667,0.785,0.713,0.757,0.721,190,563,607,928,72957,72915,109442,109364,190,858,628,0.26,0.772,0.555,0.849,0.026,0.874,0.087,0.079,0.1,1.878,2.797,0.226,0.0,3.2,1.1,0.4,0.2,2.5,0.0
23146,0,0,ADHD,14.6584531143053,MALE,3.77297733333333,4.052201,4.08882,3.56412733333333,14,88,7,0,12,56,9,0,15,79,7,1,19,43,5,0,3782.1,49601.9,1782.0,0.0,3292.0,33197.1,2743.4,0.0,5439.3,38854.1,3122.1,110.0,6368.8,32506.1,1405.4,0.0,0,196,432,294,22,2822,3268,2384,3.381,0.03,2.448,4.139,100.0,97.9,100.0,100.0,827.591,874.75,718.606,759.176,50.0,0.0,12.5,0.0,33.333,12.5,20.833,0.0,50.0,2.778,13.889,0.0,44.444,0.0,8.333,2.778,-94.211,-72.694,-73.338,-50.111,0.388888889,2.444444444,0.194444444,0.0,0.5,2.333333333,0.375,0.0,0.416666667,2.194444444,0.194444444,0.027777778,0.791666667,1.791666667,0.208333333,0.0,1.751,1.492,1.712,1.598,0,68,574,38,73020,72928,109458,109384,47,1651,1417,0.0,0.093,0.524,0.035,0.0,0.269,0.395,0.269,0.03,3.87,2.986,2.179,0.0,0.3,0.5,0.7,0.7,0.0,0.0
23149,0,1,DMDD,12.4380561259411,MALE,2.829027,2.93250833333333,2.839889,2.56833966666667,3,12,0,0,2,6,0,1,1,26,0,0,2,4,0,1,940.3,10336.5,0.0,0.0,271.0,4930.4,0.0,208.0,190.0,19096.5,0.0,0.0,344.0,3458.9,0.0,297.0,5430,1705,2376,1389,8807,7431,6769,4882,8.355,19.528,5.733,12.532,73.9,100.0,100.0,100.0,654.0,887.4,426.615,475.75,8.333,0.0,8.333,0.0,4.167,0.0,8.333,0.0,5.556,0.0,5.556,0.0,27.778,0.0,0.0,0.0,-59.087,-249.133,-233.698,-140.48,0.133333333,0.8,0.0,0.0,0.25,0.75,0.0,0.125,0.055555556,1.444444444,0.0,0.0,0.4,0.8,0.0,0.2,0.696,0.51,0.626,0.672,43653,47896,59557,55853,72907,72904,109454,109383,395,1065,1054,59.875,65.697,54.413,51.062,7.448,2.339,2.171,1.27,12.08,10.193,6.184,4.463,75.833,57.0,56.8,2.2,2.9,2.5,4.2
23179,0,0,DMDD,14.1054072553046,MALE,2.61861666666667,2.54043666666667,2.60086,2.66837333333333,7,63,14,2,2,43,8,1,2,62,9,2,1,48,2,1,1549.8,35868.1,5944.0,250.0,879.0,28691.1,2975.8,151.5,774.0,40988.3,3403.3,728.4,191.6,35118.1,1034.0,153.0,1924,624,1417,1056,3448,1912,1858,1326,2.995,7.357,2.179,3.476,100.0,83.2,100.0,87.2,741.043,673.75,546.559,651.781,62.5,4.167,4.167,0.0,62.5,0.0,4.167,0.0,52.778,2.778,2.778,2.778,52.778,2.778,0.0,2.778,-96.789,-95.285,-81.344,-90.572,0.194444444,1.75,0.388888889,0.055555556,0.041666667,1.833333333,0.333333333,0.041666667,0.055555556,1.722222222,0.25,0.055555556,0.041666667,2.0,0.083333333,0.041666667,0.714,0.823,0.717,0.714,0,97,375,337,73023,72943,109378,109352,81,1456,1222,0.0,0.133,0.343,0.308,2.635,0.855,1.296,0.966,4.722,2.621,1.699,1.213,0.0,1.1,0.6,1.2,1.6,0.0,0.0
23298,0,0,DMDD,14.9377138945927,FEMALE,2.476224,2.44038566666667,2.53606333333333,2.45352466666667,15,2,27,0,8,0,16,0,6,2,31,0,6,3,14,0,6905.9,622.1,14180.7,0.0,3268.8,0.0,8156.1,0.0,2224.0,580.0,13301.7,0.0,1990.1,714.0,7417.0,0.0,782,857,1287,1433,1654,1418,2401,2605,3.371,3.34,3.692,3.121,39.2,43.2,38.8,60.5,536.2,599.364,674.469,680.485,0.0,37.5,16.667,0.0,8.333,20.833,20.833,0.0,0.0,33.333,27.778,0.0,2.778,41.667,13.889,0.0,-12.723,-49.449,-22.852,-8.505,0.388888889,0.055555556,0.777777778,0.0,0.333333333,0.0,0.666666667,0.0,0.166666667,0.055555556,0.861111111,0.0,0.25,0.125,0.583333333,0.0,0.398,0.402,0.388,0.406,2562,2710,4346,4616,72930,72905,109395,109354,649,1974,1772,3.513,3.717,3.973,4.221,1.072,1.176,1.176,1.31,2.268,1.945,2.195,2.382,0.0,5.1,4.4,1.4,1.3,0.0,0.0
23468,0,0,HV,11.2525667351129,MALE,2.851661,3.18844733333333,3.32815666666667,3.16249566666667,2,19,6,3,3,17,3,3,4,10,7,1,0,9,3,0,331.0,20785.4,2042.8,587.4,879.0,16024.4,754.0,481.0,1086.0,7176.0,3037.2,356.0,0.0,11491.7,758.8,0.0,876,349,2292,1697,1869,1568,3977,3570,5.733,3.766,4.814,2.63,60.5,64.5,80.5,100.0,584.846,681.643,705.524,686.05,12.5,4.167,12.5,4.167,12.5,4.167,0.0,0.0,19.444,8.333,2.778,0.0,8.333,5.556,0.0,0.0,-51.326,-56.14,-46.543,-74.377,0.058823529,0.558823529,0.176470588,0.088235294,0.130434783,0.739130435,0.130434783,0.130434783,0.085714286,0.314285714,0.2,0.028571429,0.0,0.375,0.125,0.0,0.625,0.675,0.702,0.669,5598,2023,6997,4715,72902,72899,109349,109425,251,1209,995,7.679,2.775,6.399,4.309,1.202,0.479,2.096,1.551,2.564,2.151,3.637,3.263,5.0,1.7,6.4,2.1,1.9,0.0,0.8
23481,0,0,ADHD,12.7337440109514,FEMALE,3.65224333333333,3.66583766666667,3.77842466666667,3.55162366666667,58,9,0,6,21,13,0,1,41,19,0,6,31,7,0,2,20946.9,5152.9,0.0,1601.3,11598.8,8339.6,0.0,142.0,15344.1,12198.5,0.0,1037.4,11569.4,4337.3,0.0,334.7,4096,11156,10898,14810,16718,26690,31968,28700,39.182,28.547,39.768,51.89,100.0,83.2,100.0,100.0,525.167,383.5,399.367,574.6,8.333,0.0,41.667,0.0,16.667,0.0,29.167,0.0,8.333,0.0,36.111,0.0,16.667,0.0,41.667,5.556,-117.158,140.943,-47.247,-58.14,1.870967742,0.290322581,0.0,0.193548387,1.0,0.619047619,0.0,0.047619048,1.322580645,0.612903226,0.0,0.193548387,1.631578947,0.368421053,0.0,0.105263158,0.938,0.817,0.924,0.901,8980,12172,14206,12068,72912,72936,109402,109410,914,2966,2815,12.316,16.689,12.985,11.03,5.618,15.296,9.961,13.536,22.929,36.594,29.221,26.232,20.0,20.2,15.3,10.3,15.2,3.3,14.2
23558,0,0,HV,17.6919917864476,MALE,3.54643966666667,4.31861466666667,3.52737966666667,3.998022,7,45,8,3,6,20,3,5,4,51,2,1,5,28,2,5,2769.7,25156.3,3628.8,654.0,1265.6,12436.2,1046.0,1291.8,964.1,27274.0,694.0,182.0,1252.0,15019.4,695.1,1313.6,6896,4014,4006,3292,10382,7582,9898,8392,12.714,23.682,10.68,15.907,61.8,53.8,60.2,69.9,638.682,593.682,560.188,425.719,33.333,8.333,16.667,4.167,50.0,4.167,12.5,4.167,38.889,11.111,5.556,0.0,61.111,2.778,2.778,2.778,-33.582,-31.339,-23.388,-43.938,0.176470588,1.352941176,0.235294118,0.088235294,0.260869565,0.869565217,0.130434783,0.217391304,0.114285714,1.457142857,0.057142857,0.028571429,0.227272727,1.272727273,0.090909091,0.227272727,0.643,0.674,0.681,0.679,10794,11178,15832,15786,72958,72898,109358,109398,991,2485,2332,14.795,15.334,14.477,14.43,9.452,5.506,3.663,3.009,14.23,10.401,9.051,7.671,2.5,14.9,16.1,6.5,4.8,5.0,5.0
23596,0,0,Sub-DMDD,11.8850102669405,FEMALE,3.810311,4.41929633333333,4.449151,4.55627466666667,8,20,9,0,7,10,8,0,22,17,4,0,9,17,4,0,3579.0,21924.0,5429.9,0.0,3457.7,9374.8,7441.8,0.0,9692.6,17758.2,1763.7,0.0,3567.7,11084.5,1732.0,0.0,410,284,618,234,3198,5892,5438,11050,5.534,4.947,10.315,8.467,68.5,100.0,77.9,100.0,560.727,673.933,650.375,881.478,4.167,12.5,8.333,0.0,25.0,8.333,12.5,0.0,13.889,8.333,5.556,0.0,8.333,5.556,25.0,0.0,-32.031,-56.986,-5.328,-5.632,0.228571429,0.571428571,0.257142857,0.0,0.333333333,0.476190476,0.380952381,0.0,0.733333333,0.566666667,0.133333333,0.0,0.4,0.85,0.2,0.0,0.762,0.938,0.754,0.911,7174,8132,2396,15060,72938,72940,109430,109390,250,1930,1734,9.836,11.149,2.19,13.767,0.562,0.389,0.565,0.214,4.385,8.078,4.969,10.101,7.5,6.1,8.8,0.7,0.7,4.2,6.7
23636,0,0,DMDD,17.3798767967146,MALE,3.12262466666667,3.01309566666667,3.18467533333333,2.97862166666667,26,12,0,1,22,10,0,1,24,27,2,0,20,17,0,0,13173.9,7840.9,0.0,238.0,11265.1,5731.3,0.0,170.0,10155.8,19899.5,749.7,0.0,8643.1,12193.5,0.0,0.0,1430,562,1238,1196,3394,2398,4108,3600,4.887,6.613,4.386,4.059,59.2,81.9,81.6,100.0,767.143,939.737,852.824,955.939,12.5,0.0,25.0,0.0,29.167,0.0,20.833,0.0,16.667,0.0,16.667,0.0,19.444,0.0,27.778,0.0,-62.891,-96.222,-56.156,-109.749,0.694444444,0.333333333,0.0,0.027777778,0.916666667,0.416666667,0.0,0.041666667,0.666666667,0.75,0.055555556,0.0,0.833333333,0.708333333,0.0,0.0,0.679,0.853,0.772,0.806,3464,3282,2642,5136,72944,72932,109398,109356,354,1302,1072,4.749,4.5,2.415,4.697,1.96,0.771,1.132,1.094,4.653,3.288,3.755,3.292,0.0,2.6,2.8,0.5,1.3,0.0,0.0
23683,0,0,DMDD,11.7809719370294,FEMALE,3.63775533333333,3.58721833333333,3.662666,3.83242533333333,18,52,0,8,12,33,0,7,15,84,0,29,19,43,0,5,5713.9,31025.5,0.0,2482.2,3580.2,20158.3,0.0,1412.0,3909.3,40403.5,0.0,6723.7,5680.9,20316.5,0.0,933.0,3532,3928,8464,13168,5800,6404,13196,16810,19.803,12.785,27.41,14.149,72.5,77.5,92.6,100.0,378.048,329.143,433.533,328.529,33.333,0.0,8.333,16.667,25.0,0.0,20.833,4.167,41.667,0.0,8.333,11.111,47.222,0.0,11.111,22.222,-44.139,-34.069,-103.35,-23.184,0.5625,1.625,0.0,0.25,0.545454545,1.5,0.0,0.318181818,0.441176471,2.470588235,0.0,0.852941176,0.80952381,2.095238095,0.0,0.238095238,0.834,0.891,0.879,0.988,7828,8122,9434,12400,72992,73018,109376,109370,357,2789,2670,10.724,11.123,8.625,11.338,4.839,5.379,7.738,12.04,7.946,8.77,12.065,15.37,6.667,15.1,17.0,17.5,20.9,4.2,5.0
23698,0,0,Sub-DMDD,14.0889801505818,FEMALE,4.40620766666667,4.19124433333333,4.58806433333333,4.41778533333333,32,52,1,0,20,32,0,0,43,75,0,0,25,38,0,0,11225.8,27355.2,179.0,0.0,8637.7,16244.7,0.0,0.0,14441.7,32381.7,0.0,0.0,9119.8,21569.5,0.0,0.0,659,502,1199,1177,1344,1060,3038,2661,3.873,2.747,3.505,2.141,87.2,79.2,100.0,100.0,424.227,660.391,642.943,467.829,41.667,0.0,20.833,0.0,54.167,0.0,12.5,0.0,38.889,0.0,19.444,0.0,38.889,0.0,30.556,0.0,-69.243,-19.012,-120.837,-64.546,0.888888889,1.444444444,0.027777778,0.0,0.833333333,1.333333333,0.0,0.0,1.194444444,2.083333333,0.0,0.0,1.041666667,1.583333333,0.0,0.0,0.875,0.868,0.999,0.992,816,997,2091,1830,72909,72964,109398,109489,398,2028,1817,1.119,1.366,1.911,1.671,0.904,0.688,1.096,1.075,1.843,1.453,2.777,2.43,0.0,2.2,2.1,0.9,1.2,0.0,0.0
23710,0,0,Sub-DMDD,12.2874743326489,FEMALE,2.86941633333333,2.76234333333333,3.09797333333333,2.823108,0,40,9,2,4,36,4,2,2,37,2,2,3,31,2,1,0.0,34204.4,4142.6,374.0,2333.9,27854.4,1110.0,344.0,351.7,31744.2,510.2,399.0,1448.0,28858.7,484.0,184.0,1468,978,1954,5290,2586,2124,3130,6492,4.647,5.559,10.773,4.253,93.9,94.0,87.2,87.2,545.7,619.05,643.194,572.75,58.333,4.167,4.167,8.333,29.167,4.167,4.167,4.167,33.333,11.111,0.0,2.778,30.556,2.778,2.778,2.778,-83.536,-87.67,-39.812,-47.726,0.0,1.111111111,0.25,0.055555556,0.166666667,1.5,0.166666667,0.083333333,0.057142857,1.057142857,0.057142857,0.057142857,0.083333333,1.333333333,0.083333333,0.041666667,0.805,1.031,0.897,0.831,3912,4412,7664,7750,72918,72944,109386,109374,862,1736,1578,5.365,6.048,7.006,7.086,2.013,1.341,1.786,4.837,3.546,2.912,2.861,5.936,0.833,10.0,10.4,5.9,4.6,0.8,0.8
23724,0,1,DMDD,12.6735112936345,FEMALE,6.71357866666667,6.43578533333333,6.47175233333333,6.42245233333333,46,5,3,2,30,6,1,0,44,7,4,0,30,3,0,0,20437.0,4799.6,2544.3,532.0,13360.5,3188.0,852.0,0.0,20340.4,5953.5,1700.0,0.0,18935.7,2600.0,0.0,0.0,442,658,2244,1272,27422,29950,41268,30646,39.782,38.201,29.177,41.998,72.5,65.9,85.4,100.0,657.25,875.286,584.167,669.962,8.333,0.0,37.5,0.0,4.167,0.0,45.833,0.0,2.778,2.778,36.111,2.778,11.111,2.778,38.889,0.0,-276.835,-258.157,-147.918,-146.461,1.607142857,0.214285714,0.107142857,0.071428571,1.578947368,0.315789474,0.052631579,0.0,1.62962963,0.259259259,0.148148148,0.0,1.764705882,0.176470588,0.0,0.0,0.717,0.696,0.747,0.788,6994,11224,16560,21988,72940,72880,109376,109394,387,2223,2041,9.589,15.401,15.14,20.1,0.606,0.903,2.052,1.163,37.595,41.095,37.73,28.014,23.333,7.7,15.5,0.8,1.2,1.7,16.7
23726,0,0,DMDD,9.20465434633812,MALE,3.32288137931034,3.33622233333333,3.313652,3.254984,22,19,11,5,9,15,6,3,9,20,6,6,9,8,4,3,10664.9,16131.4,7807.4,1029.0,6233.2,11464.1,4641.2,542.0,4569.4,12999.7,3069.7,1071.0,4221.1,4949.2,3397.5,516.0,2538,5616,3798,5256,7914,8934,13370,10948,15.693,14.336,14.81,19.946,100.0,100.0,100.0,100.0,343.214,417.714,406.8,371.769,12.5,4.167,12.5,8.333,12.5,12.5,12.5,0.0,13.889,8.333,16.667,5.556,16.667,0.0,13.889,8.333,-20.07,30.55,-28.95,1.209,0.647058824,0.558823529,0.323529412,0.147058824,0.428571429,0.714285714,0.285714286,0.142857143,0.272727273,0.606060606,0.181818182,0.181818182,0.5,0.444444444,0.222222222,0.166666667,0.767,0.776,0.71,0.607,7684,10280,8914,6632,72908,72946,109398,109412,216,1614,1456,10.539,14.093,8.148,6.061,3.481,7.699,3.472,4.804,10.855,12.247,12.221,10.006,12.5,14.7,13.1,7.1,8.4,10.0,8.3
23784,0,0,DMDD,15.3045859000684,FEMALE,4.31809233333333,4.28622133333333,4.028786,4.23191133333333,52,4,2,2,33,0,1,0,47,3,1,2,24,2,1,1,35954.4,2737.4,384.9,284.0,20695.5,0.0,226.0,0.0,28441.4,3460.7,248.0,530.0,19698.2,2883.1,285.1,194.0,1372,1826,1838,2534,12518,9144,14464,20408,14.898,19.049,20.968,15.049,95.2,100.0,100.0,100.0,731.368,561.167,532.346,460.852,0.0,0.0,54.167,0.0,4.167,0.0,50.0,4.167,0.0,0.0,50.0,2.778,2.778,2.778,44.444,2.778,-88.693,-143.264,-133.434,-139.463,1.444444444,0.111111111,0.055555556,0.055555556,1.375,0.0,0.041666667,0.0,1.342857143,0.085714286,0.028571429,0.057142857,1.0,0.083333333,0.041666667,0.041666667,0.785,0.847,0.861,0.869,3652,3132,3160,5318,72918,72898,109426,109414,390,1688,1490,5.008,4.296,2.888,4.86,1.882,2.505,1.68,2.316,17.167,12.544,13.218,18.652,0.0,3.9,5.0,2.8,2.5,0.8,0.8
23795,0,0,DMDD,11.2607802874743,FEMALE,4.785026,5.34505103448276,4.29077366666667,5.11964862068965,9,47,4,0,4,31,3,2,3,48,2,4,1,23,1,0,3099.2,28126.4,2073.7,0.0,1608.3,18193.3,1226.2,303.0,1346.5,22824.4,644.0,815.3,187.0,12317.0,217.0,0.0,717,73,39,2417,1381,205,1161,2852,1.098,2.874,4.82,0.381,100.0,100.0,100.0,100.0,599.545,347.4,611.594,508.194,37.5,4.167,8.333,8.333,12.5,0.0,0.0,0.0,27.778,8.333,16.667,0.0,47.222,2.778,5.556,2.778,-63.254,-69.621,-61.98,-43.331,0.25,1.305555556,0.111111111,0.0,0.166666667,1.291666667,0.125,0.083333333,0.083333333,1.333333333,0.055555556,0.111111111,0.041666667,0.958333333,0.041666667,0.0,0.633,0.523,0.55,0.564,516,659,372,319,72980,72919,109306,109325,65,1625,1393,0.707,0.904,0.34,0.292,0.982,0.1,0.036,2.211,1.892,0.281,1.062,2.609,0.0,0.5,0.9,1.0,0.9,0.0,0.0
23807,0,0,Sub-DMDD,10.0807665982204,MALE,4.482712,4.33383233333333,4.84785733333333,4.18397633333333,25,4,6,1,23,3,3,2,25,1,1,3,16,2,2,2,14744.8,2071.0,3223.0,194.0,8749.9,1399.1,886.8,279.0,13525.0,162.0,1007.0,599.9,7520.2,330.0,651.0,251.0,2313,2062,1716,5588,12512,10035,12759,21995,13.232,20.337,25.208,16.584,57.8,57.8,91.1,100.0,577.5,491.556,455.556,548.143,12.5,4.167,20.833,8.333,4.167,4.167,20.833,4.167,8.333,5.556,19.444,0.0,2.778,2.778,19.444,0.0,-55.788,-54.032,-31.333,-93.999,0.727272727,0.121212121,0.181818182,0.03030303,1.0,0.130434783,0.130434783,0.086956522,0.862068966,0.034482759,0.034482759,0.103448276,0.842105263,0.105263158,0.105263158,0.105263158,0.652,0.616,0.613,0.628,8246,14289,13801,22885,72895,72945,109399,109424,531,2007,1875,11.312,19.589,12.615,20.914,3.173,2.827,1.569,5.107,17.164,13.757,11.663,20.101,15.833,14.2,16.5,3.5,5.8,5.0,9.2
23836,0,0,ADHD,11.4168377823409,MALE,3.49902133333333,3.842702,3.90579233333333,3.87808533333333,18,35,15,2,16,14,6,0,18,14,6,3,12,10,7,5,7250.3,18792.5,8492.9,262.0,5138.3,6518.4,4110.6,0.0,6107.6,6207.6,3112.2,967.0,4037.0,5386.0,4349.7,872.0,676,3462,1522,2524,4974,8266,5212,7350,6.156,7.746,9.029,16.081,99.2,100.0,100.0,69.8,518.182,349.105,583.75,542.364,20.833,4.167,8.333,0.0,16.667,8.333,8.333,4.167,16.667,16.667,22.222,2.778,8.333,5.556,11.111,2.778,-41.987,31.905,-73.871,12.95,0.529411765,1.029411765,0.441176471,0.058823529,0.695652174,0.608695652,0.260869565,0.0,0.529411765,0.411764706,0.176470588,0.088235294,0.571428571,0.476190476,0.333333333,0.238095238,0.99,1.059,1.097,0.869,3688,8018,8166,11092,72946,72930,109384,109358,317,2703,2527,5.056,10.994,7.465,10.143,0.927,4.747,1.391,2.308,6.819,11.334,4.765,6.721,9.167,9.5,9.3,4.7,4.4,5.0,2.5
23868,0,0,DMDD,12.4161533196441,MALE,3.66604866666667,3.99535433333333,3.99685133333333,4.01792366666667,6,0,11,4,11,0,7,0,10,2,5,2,7,3,5,0,2391.0,0.0,7244.1,872.0,2929.4,0.0,2743.0,0.0,2418.5,544.2,3220.5,460.0,1693.3,1366.0,2295.0,0.0,1698,3866,5896,3432,4510,7338,10488,9642,14.973,8.512,11.947,15.361,60.5,97.9,60.5,100.0,533.3,386.75,652.28,406.182,0.0,8.333,29.167,0.0,8.333,4.167,16.667,0.0,0.0,16.667,8.333,2.778,0.0,2.778,2.778,0.0,16.219,62.116,38.801,57.378,0.176470588,0.0,0.323529412,0.117647059,0.458333333,0.0,0.291666667,0.0,0.222222222,0.055555556,0.138888889,0.055555556,0.291666667,0.125,0.208333333,0.0,0.575,0.691,0.596,0.6,1906,2358,6880,6134,72928,72938,109424,109432,614,1835,1625,2.614,3.233,6.287,5.605,2.328,5.3,5.388,3.136,6.184,10.061,9.585,8.811,1.667,4.9,5.0,4.8,4.9,0.8,1.7
23885,0,0,HV,14.9514031485284,FEMALE,3.06636366666667,2.97979233333333,3.16431666666667,3.104934,4,66,0,0,5,40,0,1,7,71,0,1,2,49,0,0,846.2,44486.9,0.0,0.0,2413.8,24604.2,0.0,164.0,2638.2,45268.8,0.0,158.0,552.3,33053.4,0.0,0.0,1336,1366,3156,3062,3430,3238,6324,6678,8.664,6.536,8.906,6.31,100.0,100.0,100.0,100.0,736.833,760.227,772.457,591.091,50.0,0.0,0.0,4.167,75.0,0.0,0.0,0.0,66.667,0.0,2.778,0.0,69.444,0.0,2.778,0.0,133.891,136.517,193.613,109.418,0.111111111,1.833333333,0.0,0.0,0.208333333,1.666666667,0.0,0.041666667,0.194444444,1.972222222,0.0,0.027777778,0.083333333,2.041666667,0.0,0.0,0.832,0.948,0.706,0.927,4390,5338,7400,9532,72918,72960,109418,109366,410,957,865,6.02,7.316,6.763,8.716,1.832,1.872,2.884,2.8,4.704,4.438,5.78,6.106,0.0,100.0,9.1,0.0,2.0,,0.0
23936,0,0,Sub-DMDD,11.6495550992471,MALE,3.37425566666667,3.66056966666667,3.60866666666667,3.72379033333333,1,33,0,1,2,23,1,1,3,36,0,5,3,22,1,0,114.7,30154.1,0.0,194.0,1232.2,22827.7,350.1,228.0,628.3,35803.4,0.0,1781.0,1563.5,20979.9,576.0,0.0,3370,698,2084,8238,4508,1844,5110,10196,6.576,10.8,16.856,3.485,52.5,40.5,60.5,74.8,741.2,568.455,437.619,543.85,8.333,4.167,4.167,0.0,16.667,0.0,8.333,0.0,11.111,0.0,0.0,2.778,25.0,0.0,5.556,5.556,-77.848,-151.112,-91.147,-30.196,0.027777778,0.916666667,0.0,0.027777778,0.083333333,0.958333333,0.041666667,0.041666667,0.083333333,1.0,0.0,0.138888889,0.125,0.916666667,0.041666667,0.0,0.413,0.373,0.422,0.436,1262,1556,2184,2430,72950,72942,109402,109364,304,1588,1358,1.73,2.133,1.996,2.222,4.62,0.957,1.905,7.533,6.18,2.528,4.671,9.323,0.0,2.8,2.4,9.5,9.5,0.0,0.0
23939,0,0,Sub-DMDD,11.9835728952772,FEMALE,4.49903766666667,4.45838733333333,4.39874433333333,4.50489133333333,32,10,3,3,20,11,0,1,30,22,1,1,20,17,0,2,12881.6,7358.1,2204.0,594.0,10889.4,8532.8,0.0,260.0,12795.8,15840.0,104.0,232.0,8614.8,12965.6,0.0,500.0,840,2944,1742,1462,8438,9642,11978,10536,12.548,12.723,10.969,17.262,100.0,100.0,64.5,60.5,702.714,732.304,635.636,681.143,8.333,0.0,29.167,4.167,25.0,0.0,45.833,0.0,0.0,5.556,30.556,2.778,19.444,2.778,30.556,2.778,-65.681,63.372,-35.424,-20.095,0.857142857,0.285714286,0.085714286,0.085714286,0.833333333,0.458333333,0.0,0.041666667,0.857142857,0.628571429,0.028571429,0.028571429,0.833333333,0.708333333,0.0,0.083333333,0.69,0.78,0.653,0.675,2042,2896,2758,2842,72924,72914,109342,109380,449,2325,2122,2.8,3.972,2.522,2.598,1.152,4.038,1.593,1.337,11.571,13.224,10.955,9.632,0.0,2.8,4.1,4.2,4.0,4.2,1.7
23995,0,0,HV,14.6913073237509,FEMALE,4.03346833333333,4.17818633333333,3.95665533333333,4.19665866666667,0,36,2,0,1,29,4,0,1,59,2,0,0,35,2,0,0.0,27734.3,578.9,0.0,285.0,16720.0,1398.0,0.0,111.0,33995.2,570.0,0.0,0.0,21479.0,438.2,0.0,252,306,221,406,740,714,753,1151,0.89,1.359,1.423,1.399,43.2,45.8,60.5,71.6,741.261,594.476,770.097,671.606,50.0,8.333,0.0,0.0,54.167,4.167,0.0,0.0,30.556,2.778,0.0,0.0,69.444,2.778,0.0,0.0,48.29,1.787,47.215,42.1,0.0,1.0,0.055555556,0.0,0.041666667,1.208333333,0.166666667,0.0,0.0,1.638888889,0.055555556,0.0,0.0,1.458333333,0.083333333,0.0,0.416,0.447,0.46,0.445,463,1012,917,1286,72959,72923,109429,109388,260,1478,1248,0.635,1.388,0.838,1.176,0.345,0.42,0.202,0.371,1.014,0.979,0.688,1.052,0.0,2.2,1.7,0.5,0.4,0.0,0.0
23998,0,1,DMDD,11.1649555099247,MALE,6.15213833333333,6.30231933333333,6.613805,6.78128633333333,33,12,1,1,14,19,4,0,36,15,0,0,21,16,0,0,12712.9,8030.9,215.0,107.0,6884.4,12350.9,1092.0,0.0,15582.3,10254.1,0.0,0.0,8032.1,8638.9,0.0,0.0,3073,3461,4691,4698,5026,13054,16147,16695,19.053,11.106,19.556,22.653,79.2,56.5,52.5,55.2,339.5,608.938,632.233,501.045,33.333,8.333,12.5,0.0,29.167,0.0,25.0,0.0,8.333,2.778,41.667,0.0,13.889,0.0,41.667,0.0,-52.679,179.895,86.158,50.813,1.064516129,0.387096774,0.032258065,0.032258065,0.666666667,0.904761905,0.19047619,0.0,1.333333333,0.555555556,0.0,0.0,1.166666667,0.888888889,0.0,0.0,0.559,0.469,0.47,0.447,12757,14616,16681,26507,72923,72904,109366,109393,684,2155,2042,17.494,20.048,15.252,24.231,4.214,4.747,4.289,4.295,6.892,17.906,14.764,15.261,33.333,21.2,23.5,8.1,5.6,15.8,10.8
24004,0,0,HV,17.6892539356605,FEMALE,11.537008,11.9245266666667,11.7738253333333,12.120107,4,33,0,1,1,27,0,0,4,30,0,0,1,23,0,0,919.3,26095.9,0.0,108.3,318.0,20073.9,0.0,0.0,1352.9,20253.5,0.0,0.0,554.4,15766.9,0.0,0.0,1731,2901,3122,3110,2941,3746,4428,5605,6.897,6.407,7.969,9.115,52.5,49.8,68.2,48.5,767.222,904.227,857.897,927.64,45.833,0.0,4.167,0.0,45.833,0.0,4.167,0.0,30.556,0.0,2.778,0.0,30.556,0.0,5.556,0.0,124.323,55.855,76.406,83.86,0.114285714,0.942857143,0.0,0.028571429,0.041666667,1.125,0.0,0.0,0.111111111,0.833333333,0.0,0.0,0.041666667,0.958333333,0.0,0.0,0.595,0.536,0.605,0.566,2710,2643,6168,4165,72917,72918,109469,109371,558,1085,857,3.717,3.625,5.634,3.808,2.374,3.978,2.852,2.844,4.033,5.137,4.045,5.125,0.833,3.5,3.4,2.1,2.2,0.8,0.8
24007,0,0,DMDD,9.97125256673511,FEMALE,4.08242966666667,4.60666566666667,4.357621,4.355865,20,17,12,6,15,11,5,9,12,23,10,4,10,10,3,7,7321.6,10704.4,7649.4,1288.8,4997.7,6514.2,2183.5,2757.0,5199.5,11287.2,5691.4,869.0,3495.1,4866.6,2327.9,1916.2,7946,9290,11260,7766,14294,20458,20000,14628,28.57,30.488,20.48,40.821,100.0,72.6,100.0,100.0,235.35,460.833,491.774,372.852,20.833,4.167,29.167,12.5,20.833,8.333,12.5,4.167,13.889,16.667,19.444,5.556,16.667,5.556,2.778,5.556,190.21,192.001,-34.715,94.669,0.606060606,0.515151515,0.363636364,0.181818182,0.714285714,0.523809524,0.238095238,0.428571429,0.333333333,0.696969697,0.303030303,0.121212121,0.526315789,0.526315789,0.157894737,0.368421053,0.726,0.656,0.693,0.702,13738,11002,17540,16604,72946,72874,109414,109346,969,2732,2588,18.833,15.097,16.031,15.185,10.893,12.748,10.291,7.102,19.595,28.073,18.279,13.378,17.5,22.7,18.3,7.9,13.5,16.7,10.8
24010,0,0,ADHD,9.71937029431896,MALE,2.56086620689655,2.56448666666667,2.60651966666667,2.638958,14,47,3,5,8,20,2,3,19,37,0,3,11,18,0,3,3762.1,44822.2,1324.1,1654.0,1442.0,20477.8,855.4,823.0,7632.5,35981.2,0.0,881.0,2478.2,20401.0,0.0,1042.0,5460,5362,7656,4490,10244,11062,15116,12894,20.799,21.545,15.89,22.511,75.2,84.6,89.9,100.0,458.143,485.947,562.467,449.29,41.667,4.167,25.0,4.167,37.5,0.0,16.667,4.167,47.222,0.0,11.111,2.778,33.333,0.0,8.333,0.0,119.884,109.447,69.774,66.015,0.388888889,1.305555556,0.083333333,0.138888889,0.333333333,0.833333333,0.083333333,0.125,0.472222222,1.083333333,0.0,0.083333333,0.5,0.818181818,0.0,0.136363636,0.81,0.862,0.883,0.865,3858,7690,5026,3970,72888,72960,109488,109404,615,2288,2125,5.293,10.54,4.59,3.629,7.491,7.349,6.993,4.104,14.054,15.162,13.806,11.786,1.667,11.1,8.5,6.6,8.6,0.8,0.8
24011,0,0,Sub-DMDD,14.6365503080082,FEMALE,5.47498866666667,5.541071,5.06782833333333,6.014251,18,33,1,0,9,25,1,0,17,50,0,2,9,37,2,2,5473.8,21506.5,202.0,0.0,3517.5,14808.2,874.0,0.0,3736.9,30848.1,0.0,303.0,1907.5,19241.6,618.0,286.0,2666,4318,4174,3858,4414,6954,6520,7020,9.779,9.707,9.942,15.454,60.5,75.2,49.8,74.0,434.0,535.818,506.188,475.038,41.667,4.167,8.333,0.0,50.0,4.167,8.333,4.167,36.111,2.778,22.222,0.0,30.556,0.0,11.111,0.0,6.667,83.644,-66.88,-6.696,0.529411765,0.970588235,0.029411765,0.0,0.391304348,1.086956522,0.043478261,0.0,0.484848485,1.545454545,0.0,0.060606061,0.391304348,1.608695652,0.086956522,0.086956522,0.566,0.595,0.519,0.58,5732,5556,9036,10310,72932,72942,109356,109408,1019,2599,2425,7.859,7.617,8.263,9.423,3.655,5.92,3.817,3.526,6.052,9.534,5.962,6.416,1.667,9.4,8.0,4.7,4.7,6.7,5.8
24016,0,0,ADHD,14.7898699520876,MALE,2.98511,2.96228166666667,2.92689866666667,2.93301133333333,2,60,1,0,8,37,0,0,4,74,0,0,5,55,0,1,790.0,32136.0,503.0,0.0,1783.0,17773.3,0.0,0.0,2108.0,37276.7,0.0,0.0,1674.0,26168.1,0.0,215.4,918,2523,1185,1190,1586,3575,1837,1969,2.763,3.431,2.888,8.363,91.2,57.8,53.8,56.5,472.619,503.042,470.667,533.647,50.0,0.0,12.5,0.0,87.5,0.0,0.0,0.0,55.556,2.778,2.778,0.0,58.333,0.0,0.0,0.0,29.86,48.422,30.295,32.683,0.055555556,1.666666667,0.027777778,0.0,0.347826087,1.608695652,0.0,0.0,0.055555556,2.055555556,0.0,0.0,0.208333333,2.291666667,0.0,0.041666667,0.518,0.544,0.431,0.477,5372,3675,5053,4868,72992,72916,109370,109419,811,2439,2250,7.36,5.04,4.62,4.449,1.258,3.46,1.083,1.088,2.173,4.903,1.68,1.8,0.833,7.4,6.7,2.5,2.2,0.8,0.8
24032,0,0,ADHD,11.7399041752225,MALE,3.448729,3.379591,3.393248,3.679387,9,5,3,14,14,12,3,2,18,16,1,7,10,4,4,4,4778.8,7297.9,1427.2,2673.0,4860.4,12122.7,2744.3,354.0,7292.8,12831.1,224.0,2051.1,3853.6,3459.7,3677.8,742.3,3209,9080,17364,8804,10021,13729,26720,15771,40.301,18.129,22.453,31.262,63.2,53.9,63.2,100.0,437.438,579.786,690.0,565.0,12.5,0.0,25.0,0.0,8.333,8.333,20.833,0.0,2.778,0.0,11.111,16.667,19.444,2.778,16.667,2.778,77.35,74.616,43.401,-6.912,0.290322581,0.161290323,0.096774194,0.451612903,0.608695652,0.52173913,0.130434783,0.086956522,0.516129032,0.580645161,0.032258065,0.225806452,0.454545455,0.181818182,0.181818182,0.181818182,0.608,0.534,0.595,0.61,2768,5452,7648,15990,72978,72959,109389,109454,289,1968,1779,3.793,7.473,6.992,14.609,4.397,12.445,15.874,8.044,13.732,18.817,24.427,14.409,11.667,9.8,8.2,11.7,13.2,5.0,7.5
24038,0,0,HV,16.8815879534565,FEMALE,3.75417966666667,3.744489,3.53232333333333,3.549169,7,40,0,0,1,31,2,0,4,36,4,0,3,24,0,0,2012.7,35047.6,0.0,0.0,284.1,23478.2,554.1,0.0,1366.4,30912.3,2264.8,0.0,2264.9,20955.9,0.0,0.0,554,1986,1594,1656,1906,3406,3378,3408,4.544,3.372,4.627,7.391,40.5,45.8,43.2,96.2,888.579,752.214,949.0,783.182,37.5,4.167,0.0,0.0,29.167,0.0,12.5,0.0,16.667,0.0,16.667,0.0,25.0,11.111,5.556,0.0,-72.955,-32.234,-27.219,-15.178,0.194444444,1.111111111,0.0,0.0,0.041666667,1.291666667,0.083333333,0.0,0.111111111,1.0,0.111111111,0.0,0.125,1.0,0.0,0.0,0.416,0.411,0.403,0.463,2264,2666,4824,3110,72944,72950,109412,109456,577,1396,1167,3.104,3.655,4.409,2.841,0.759,2.722,1.457,1.513,2.613,4.669,3.087,3.114,0.0,6.0,4.8,1.3,1.6,0.8,0.0
24053,0,0,Sub-DMDD,9.93292265571526,FEMALE,4.69414034482759,4.69952310344828,4.58781966666667,5.20376533333333,102,5,0,5,44,0,0,5,97,4,0,3,66,5,0,6,36865.8,1808.8,0.0,1214.0,18497.6,0.0,0.0,1230.6,40058.0,2841.1,0.0,587.0,28075.2,2735.9,0.0,1096.0,4660,2708,3436,3084,9432,13438,12306,9576,14.391,19.335,11.572,22.154,75.2,100.0,100.0,100.0,339.619,502.783,363.457,392.088,0.0,0.0,50.0,4.167,0.0,0.0,66.667,4.167,5.556,0.0,61.111,2.778,2.778,0.0,66.667,2.778,-198.557,-180.31,-134.516,-160.877,2.914285714,0.142857143,0.0,0.142857143,1.913043478,0.0,0.0,0.217391304,2.694444444,0.111111111,0.0,0.083333333,2.75,0.208333333,0.0,0.25,0.683,0.739,0.682,0.684,4414,2488,3950,2998,72882,72882,109388,109398,421,3078,2928,6.056,3.414,3.611,2.74,6.394,3.716,3.141,2.819,12.941,18.438,11.25,8.753,0.833,7.3,6.3,9.5,9.1,1.7,1.7
24074,0,0,ADHD,15.8302532511978,MALE,2.86471866666667,2.87642666666667,2.85489733333333,2.71174133333333,7,43,1,0,4,25,1,0,9,39,1,0,10,25,0,1,2068.1,36392.1,210.1,0.0,1227.0,20183.3,747.8,0.0,3062.5,33006.3,366.0,0.0,2999.2,22477.9,0.0,162.0,1982,1880,3048,3016,7286,6858,10136,9002,12.05,12.709,10.982,11.982,76.5,92.6,63.2,100.0,1057.556,1170.421,1268.759,1084.12,33.333,4.167,8.333,0.0,16.667,0.0,29.167,0.0,38.889,2.778,16.667,0.0,22.222,2.778,11.111,0.0,-103.833,-67.477,-34.857,-66.407,0.205882353,1.264705882,0.029411765,0.0,0.181818182,1.136363636,0.045454545,0.0,0.205882353,1.176470588,0.029411765,0.0,0.434782609,1.086956522,0.0,0.043478261,0.757,0.837,0.748,0.701,7922,7596,13898,11276,72922,72924,109416,109430,437,1441,1216,10.864,10.416,12.702,10.304,2.718,2.578,2.786,2.756,9.991,9.404,9.264,8.226,0.833,7.9,7.4,3.2,1.9,5.0,5.8
24079,0,0,DMDD,9.7056810403833,FEMALE,4.89136866666667,5.37090633333333,4.24726166666667,5.44305333333333,19,58,8,8,20,40,0,5,21,53,4,6,9,31,0,11,5035.4,38122.0,3119.6,2322.0,5856.8,31659.7,0.0,946.0,5211.0,44544.9,2062.7,1059.3,1636.3,26566.6,0.0,3962.1,6484,6548,6206,4362,11690,10984,14030,8042,18.489,24.915,11.343,24.038,100.0,100.0,100.0,100.0,569.35,584.5,472.778,488.889,20.833,0.0,25.0,8.333,50.0,0.0,8.333,8.333,27.778,2.778,22.222,5.556,33.333,0.0,19.444,0.0,-60.871,-25.1,-73.542,16.773,0.580645161,1.870967742,0.258064516,0.258064516,0.869565217,1.739130435,0.0,0.217391304,0.677419355,1.709677419,0.129032258,0.193548387,0.428571429,1.476190476,0.0,0.523809524,1.124,1.28,1.244,1.232,6964,11802,15980,18042,72944,72934,109448,109360,349,2096,1939,9.547,16.182,14.601,16.498,8.889,8.978,5.67,3.989,16.026,15.06,12.819,7.354,12.5,13.4,14.9,14.4,11.9,6.7,6.7
24104,0,0,DMDD,11.151266255989,MALE,2.918784,2.93608466666667,2.95000433333333,3.06903033333333,32,11,4,4,16,5,0,7,39,3,0,8,30,5,1,2,14680.3,5511.7,680.0,710.0,7581.2,1404.0,0.0,1377.9,19936.9,1822.5,0.0,2798.0,12337.3,1672.0,177.0,322.0,8932,3598,4424,11508,14532,10422,13414,19228,16.305,32.177,28.1,19.227,57.8,60.5,100.0,100.0,318.611,266.333,412.667,283.862,12.5,0.0,20.833,12.5,12.5,0.0,33.333,4.167,13.889,5.556,27.778,2.778,2.778,0.0,27.778,5.556,-172.199,-29.756,-170.528,-150.728,0.939393939,0.333333333,0.121212121,0.121212121,0.8,0.25,0.0,0.35,1.181818182,0.090909091,0.0,0.242424242,1.428571429,0.238095238,0.047619048,0.095238095,0.555,0.542,0.667,0.579,11894,6828,12468,11734,72922,72918,109408,109378,1159,3536,3396,16.311,9.364,11.396,10.728,12.249,4.934,4.044,10.521,19.928,14.293,12.261,17.579,15.0,13.4,14.2,19.5,14.0,5.0,5.8
24141,0,0,DMDD,9.7,MALE,2.68307266666667,2.79299366666667,3.02870433333333,2.978427,9,20,0,3,5,18,2,3,17,41,1,2,14,11,1,1,2829.9,12417.6,0.0,1184.5,2089.4,13732.4,1104.3,808.0,6992.8,28886.9,552.0,304.0,3788.6,10816.3,104.0,239.0,2388,2934,9470,3108,3234,8546,12650,8300,20.226,7.708,10.427,15.75,100.0,64.5,81.9,100.0,374.053,536.923,461.269,356.32,45.833,0.0,4.167,0.0,16.667,0.0,25.0,0.0,27.778,0.0,8.333,2.778,38.889,0.0,11.111,0.0,2.923,11.853,-0.308,2.959,0.290322581,0.64516129,0.0,0.096774194,0.136363636,0.863636364,0.090909091,0.136363636,0.515151515,1.242424242,0.03030303,0.060606061,0.666666667,0.523809524,0.047619048,0.047619048,0.7,0.628,0.57,0.703,11056,12500,15734,11862,72942,72890,109366,109406,594,2146,2002,15.157,17.149,14.387,10.842,3.274,4.025,8.659,2.841,4.434,11.725,11.567,7.586,17.5,20.4,19.3,9.0,6.8,7.5,8.3
24142,0,0,HV,16.9500342231348,MALE,3.20600933333333,3.18896766666667,3.63333266666667,3.393068,9,39,2,0,5,25,1,0,4,31,1,0,3,21,1,0,2639.3,30122.9,762.0,0.0,1410.4,26313.5,540.0,0.0,1490.0,28953.6,224.2,0.0,1002.6,23373.2,273.7,0.0,636,1574,586,1320,1132,2446,1550,2082,1.953,2.424,3.111,5.512,60.5,77.9,67.2,65.9,895.273,983.167,833.625,710.111,20.833,0.0,12.5,0.0,20.833,0.0,4.167,0.0,16.667,5.556,16.667,0.0,11.111,0.0,5.556,0.0,-158.194,-136.501,-77.594,-198.206,0.25,1.083333333,0.055555556,0.0,0.208333333,1.041666667,0.041666667,0.0,0.111111111,0.861111111,0.027777778,0.0,0.125,0.875,0.041666667,0.0,0.67,0.749,0.642,0.657,210,686,996,778,72922,72932,109370,109330,183,1291,1062,0.288,0.941,0.911,0.712,0.872,2.158,0.536,1.207,1.552,3.354,1.417,1.904,0.0,1.3,0.8,0.9,0.9,0.0,0.0
24146,0,0,ADHD,14.6584531143053,MALE,4.70170833333333,3.88860466666667,4.71796933333333,4.80772666666667,13,19,2,11,6,13,0,23,26,18,0,13,21,21,0,16,4019.7,12065.1,246.0,1851.5,3671.8,5890.8,0.0,4356.7,6888.3,12191.7,0.0,2161.4,5995.6,8352.8,0.0,3861.0,13758,15652,11652,13242,18062,22418,20418,19924,29.318,43.622,30.326,52.216,57.8,47.2,45.8,49.8,355.435,290.591,403.794,298.531,20.833,0.0,4.167,33.333,33.333,0.0,25.0,12.5,19.444,5.556,11.111,11.111,19.444,0.0,25.0,13.889,42.447,72.81,152.03,108.423,0.361111111,0.527777778,0.055555556,0.305555556,0.217391304,0.608695652,0.0,1.0,0.722222222,0.5,0.0,0.361111111,0.913043478,0.913043478,0.0,0.695652174,0.511,0.498,0.47,0.482,5406,6266,6516,8676,72946,72908,109384,109362,894,3296,3184,7.411,8.594,5.957,7.933,18.861,21.468,10.652,12.108,24.761,30.748,18.666,18.218,0.833,16.9,15.6,19.8,21.0,1.7,1.7
24155,0,0,HV,13.6262833675565,FEMALE,7.46936366666667,7.37089066666667,7.425461,7.69752966666667,8,36,4,4,6,23,1,3,8,24,0,8,1,18,2,4,2201.1,28865.8,1484.0,1297.8,1549.8,21292.0,730.8,1941.0,3131.5,25174.6,0.0,2603.7,166.0,20420.6,2244.5,1134.5,6582,8802,11846,9384,7492,10012,15350,12798,24.866,19.3,20.267,25.789,60.2,51.2,56.5,47.2,737.6,552.455,717.84,979.75,20.833,0.0,12.5,4.167,12.5,4.167,4.167,0.0,27.778,11.111,11.111,0.0,8.333,0.0,16.667,8.333,107.289,117.896,73.432,92.066,0.235294118,1.058823529,0.117647059,0.117647059,0.173913043,1.0,0.043478261,0.130434783,0.222222222,0.666666667,0.0,0.222222222,0.041666667,0.75,0.083333333,0.166666667,0.549,0.543,0.545,0.533,5570,1068,7340,5170,72924,72954,109368,109446,251,1368,1146,7.638,1.464,6.711,4.724,9.026,12.065,10.831,8.574,10.274,13.724,14.035,11.693,0.833,5.4,4.2,8.5,8.9,4.2,2.5
24162,0,0,ADHD,14.1984941820671,MALE,6.13732724137931,6.053471,6.771727,6.05880433333333,6,44,0,0,1,31,0,0,2,48,0,1,11,40,0,0,3975.7,51523.3,0.0,0.0,280.0,34563.0,0.0,0.0,1764.9,57454.7,0.0,257.0,5213.9,39543.9,0.0,0.0,1178,438,2018,864,2156,5496,4636,4456,6.084,4.571,4.863,8.137,100.0,100.0,100.0,100.0,600.0,737.2,842.4,649.526,29.167,0.0,0.0,0.0,33.333,0.0,16.667,0.0,44.444,0.0,5.556,0.0,41.667,0.0,0.0,0.0,-122.838,-131.341,-118.12,-94.737,0.121212121,1.363636364,0.0,0.0,0.045454545,1.409090909,0.0,0.0,0.057142857,1.371428571,0.0,0.028571429,0.458333333,1.666666667,0.0,0.0,0.981,1.158,0.941,1.015,7130,2678,7794,6510,72946,72930,109370,109396,206,1115,906,9.774,3.672,7.126,5.951,1.615,0.601,1.845,0.79,2.956,7.536,4.239,4.073,4.167,5.8,7.3,3.1,2.1,4.2,3.3
24179,0,0,DMDD,12.0930869267625,MALE,3.51416,3.21256166666667,3.31123,3.04781133333333,27,6,9,8,10,3,7,8,31,2,5,5,15,5,1,3,9750.7,2421.8,6251.2,1619.0,5421.1,4192.3,4478.2,1693.0,14468.4,1181.4,4144.1,972.0,6266.9,3929.4,534.0,682.0,8154,3870,7814,11826,16852,11256,20116,23090,25.532,34.276,31.925,20.74,95.2,80.5,100.0,85.9,562.235,578.533,403.577,291.92,4.167,16.667,8.333,8.333,4.167,0.0,25.0,0.0,2.778,2.778,19.444,5.556,2.778,2.778,27.778,5.556,-120.085,-67.963,-104.501,-65.695,0.393939394,0.848484848,0.060606061,0.333333333,0.363636364,0.909090909,0.181818182,0.227272727,0.371428571,0.742857143,0.114285714,0.142857143,0.476190476,0.857142857,0.095238095,0.19047619,0.756,0.627,0.75,0.539,6322,5964,6302,6584,72956,72932,109390,109368,461,2763,2613,8.665,8.177,5.761,6.02,10.458,5.929,8.919,12.565,13.918,10.13,13.109,15.966,6.667,9.1,9.2,20.4,17.1,4.2,5.0
24184,0,0,Sub-DMDD,9.26488706365503,FEMALE,2.92702866666667,2.92137,2.83681566666667,2.93442965517241,18,10,0,0,11,10,0,0,14,21,0,0,11,10,0,0,11436.0,12462.6,0.0,0.0,8481.9,7967.3,0.0,0.0,9542.6,23970.4,0.0,0.0,7802.5,9183.9,0.0,0.0,868,3232,2028,4358,2136,5408,4454,9130,5.928,4.119,12.328,11.854,100.0,51.2,57.8,56.5,734.5,661.833,644.333,522.222,16.667,0.0,16.667,0.0,0.0,0.0,33.333,0.0,8.333,0.0,22.222,0.0,16.667,0.0,16.667,0.0,192.51,79.127,79.843,155.457,0.5,0.277777778,0.0,0.0,0.375,0.5,0.0,0.0,0.388888889,0.583333333,0.0,0.0,0.5,0.454545455,0.0,0.0,0.547,0.516,0.561,0.562,2316,8766,1108,3276,72928,72886,109342,109408,456,1468,1262,3.176,12.027,1.013,2.994,1.19,4.434,1.855,3.983,2.929,7.42,4.073,8.345,1.667,3.9,5.2,3.9,3.8,0.0,0.0
24198,0,1,HV,10.0177960301164,MALE,2.869093,2.86297866666667,2.98206933333333,2.930427,40,10,0,2,19,9,2,12,45,14,0,8,24,14,0,3,13413.4,8394.6,0.0,296.0,5730.7,4837.3,373.0,2439.5,19810.4,8337.5,0.0,1558.4,10313.7,9970.7,0.0,480.0,9062,1733,1930,3902,11675,3973,6356,7074,7.573,28.445,10.031,7.823,57.8,69.9,57.8,69.8,261.545,318.056,454.8,371.321,16.667,0.0,16.667,25.0,16.667,0.0,25.0,8.333,2.778,0.0,25.0,0.0,22.222,0.0,19.444,11.111,48.332,-85.264,-98.351,-62.203,1.111111111,0.277777778,0.0,0.055555556,0.826086957,0.391304348,0.086956522,0.52173913,1.25,0.388888889,0.0,0.222222222,0.958333333,0.583333333,0.0,0.125,0.647,0.686,0.646,0.677,1430,28,20,51,72902,72935,109418,109421,58,2486,2266,1.962,0.038,0.018,0.047,12.43,2.376,1.764,3.566,16.015,5.447,5.809,6.465,79.167,0.3,0.5,8.6,9.2,0.8,0.8
24212,0,1,HV,11.6933607118412,MALE,4.454744,4.066705,4.13747066666667,4.35002633333333,7,28,3,1,6,19,3,0,4,26,0,0,5,12,0,0,1614.7,24197.2,822.9,315.1,864.6,20106.5,1177.8,0.0,766.0,26599.7,0.0,0.0,2315.1,12789.9,0.0,0.0,1843,2945,6709,3212,5346,6309,13642,9385,18.604,9.856,11.515,12.683,55.2,58.9,61.8,56.5,832.25,759.167,577.786,1019.154,20.833,8.333,8.333,0.0,12.5,0.0,4.167,0.0,19.444,2.778,8.333,2.778,19.444,0.0,8.333,0.0,27.327,38.595,17.838,-1.048,0.304347826,1.217391304,0.130434783,0.043478261,0.285714286,0.904761905,0.142857143,0.0,0.153846154,1.0,0.0,0.0,0.15,0.7,0.0,0.0,0.599,0.669,0.579,0.582,11163,13688,35984,25526,72939,72961,109394,109396,559,1347,1151,15.305,18.761,32.894,23.334,2.527,4.036,6.133,2.936,7.329,8.647,12.471,8.579,29.167,5.9,20.3,1.9,3.5,0.0,18.3
24234,0,1,DMDD,11.0,MALE,2.572697333,2.540826333,2.736863,2.5779,20,7,2,4,19,8,1,4,26,16,1,6,23,6,0,3,4198.9,3404.2,586.0,696.0,7923.2,2870.0,352.0,564.0,8689.8,7806.0,180.0,751.1,8824.9,2534.4,0.0,540.0,3638,4090,5166,6358,9142,13568,14226,14080,17.731,17.515,18.679,24.233,99.2,75.2,79.2,96.2,261.923,265.25,284.167,239.632,4.167,0.0,20.833,8.333,8.333,0.0,20.833,4.167,8.333,0.0,11.111,8.333,19.444,0.0,13.889,5.556,191.131,93.9,76.748,-60.22,1.052631579,0.368421053,0.105263158,0.210526316,1.266666667,0.533333333,0.066666667,0.266666667,1.238095238,0.761904762,0.047619048,0.285714286,1.277777778,0.333333333,0.0,0.166666667,0.668,0.623,0.55,0.705,32134,24920,47746,48352,72964,72868,109368,109418,613,2373,2412,44.041,34.199,43.656,44.19,4.986,5.613,4.724,5.811,12.529,18.62,13.007,12.868,52.5,47.4,47.2,14.2,7.0,26.7,10.8
24237,0,0,HV,9.02669404517454,FEMALE,3.195991,2.98213466666667,2.907466,2.97478533333333,9,16,18,11,2,14,5,1,11,8,12,7,8,7,8,5,2709.3,16715.8,10352.0,2435.3,621.1,12681.1,2655.0,560.0,4052.4,6231.4,6848.3,3877.7,2537.0,7280.2,3676.4,1300.2,4013,3616,5827,16594,6108,6500,10004,24057,14.475,13.864,37.177,13.867,100.0,100.0,100.0,100.0,717.722,631.8,677.867,559.567,16.667,0.0,8.333,4.167,16.667,8.333,0.0,4.167,13.889,13.889,13.889,2.778,13.889,16.667,2.778,5.556,36.728,31.555,-23.326,-23.943,0.264705882,0.470588235,0.529411765,0.323529412,0.090909091,0.636363636,0.227272727,0.045454545,0.35483871,0.258064516,0.387096774,0.225806452,0.363636364,0.318181818,0.363636364,0.227272727,1.226,1.065,1.065,1.094,8167,10219,5921,13759,72998,72951,109372,109347,248,1946,1779,11.188,14.008,5.414,12.583,5.497,4.957,5.328,15.176,8.367,8.91,9.147,22.001,12.5,11.4,11.2,10.8,12.0,7.5,7.5
24239,0,0,Sub-DMDD,10.2231348391513,MALE,2.47702033333333,2.48235466666667,2.74603266666667,2.36040266666667,6,34,1,4,5,21,2,0,1,42,1,2,1,30,1,1,1463.2,28635.1,258.0,787.0,2996.8,19585.2,1171.7,0.0,352.4,45590.4,138.0,254.0,301.0,32824.6,458.0,148.0,1744,1100,3776,2664,6442,2100,5346,5272,8.338,11.224,7.254,4.39,73.8,79.2,98.9,56.5,651.1,798.0,788.44,788.125,16.667,4.167,4.167,0.0,25.0,4.167,0.0,0.0,25.0,0.0,8.333,2.778,22.222,0.0,2.778,2.778,-7.173,51.573,48.446,111.333,0.111111111,0.944444444,0.027777778,0.111111111,0.217391304,0.913043478,0.086956522,0.0,0.027777778,1.166666667,0.027777778,0.055555556,0.041666667,1.25,0.041666667,0.041666667,0.482,0.648,0.584,0.504,308,1638,942,1196,72932,72894,109402,109400,122,1447,1217,0.422,2.247,0.861,1.093,2.391,1.509,3.451,2.435,8.833,2.881,4.887,4.819,0.833,2.6,1.4,4.7,5.8,0.8,0.8
24243,0,1,HV,13.1581108829569,FEMALE,4.12587457627119,3.94039433333333,3.891679,4.22566766666667,11,13,0,6,11,11,0,4,28,20,0,4,12,10,0,1,2614.8,4954.0,0.0,1369.0,3133.4,4652.0,0.0,794.0,6083.1,5658.0,0.0,686.0,2339.7,5507.5,0.0,286.0,7320,7724,11732,10020,12898,14968,20876,18888,29.812,27.731,26.422,31.119,99.2,63.2,64.5,100.0,341.762,302.75,343.714,405.909,33.333,0.0,12.5,0.0,12.5,0.0,20.833,4.167,19.444,0.0,2.778,5.556,11.111,0.0,19.444,5.556,46.06,-41.919,19.692,53.476,0.392857143,0.464285714,0.0,0.214285714,0.523809524,0.523809524,0.0,0.19047619,0.794117647,0.588235294,0.0,0.117647059,0.75,0.625,0.0,0.0625,0.72,0.678,0.662,0.661,11166,14316,18564,16986,72906,72920,109380,109408,1946,2934,2883,15.316,19.632,16.972,15.525,10.04,10.592,10.726,9.158,17.691,20.527,19.086,17.264,47.5,21.3,24.0,13.5,12.8,14.2,17.5
24244,0,0,HV,10.0479123887748,FEMALE,4.22631833333333,4.66678,4.538714,4.75523666666667,21,62,23,11,12,46,16,7,20,61,22,16,12,46,6,12,3703.0,25740.5,5809.7,2544.8,2446.8,17963.2,4558.0,1172.9,3634.9,23308.0,5131.5,2460.0,1936.0,18950.4,1280.0,1717.0,10054,10010,15238,15886,14182,13038,22536,23314,34.531,33.21,35.827,31.622,96.6,100.0,100.0,100.0,209.545,231.727,330.294,238.613,12.5,12.5,12.5,8.333,25.0,4.167,12.5,12.5,33.333,13.889,13.889,2.778,5.556,5.556,19.444,11.111,-70.285,19.602,-125.672,14.057,0.617647059,1.823529412,0.676470588,0.323529412,0.5,2.090909091,0.772727273,0.318181818,0.64516129,1.967741935,0.709677419,0.516129032,0.545454545,2.090909091,0.272727273,0.545454545,1.034,0.977,1.019,1.132,2132,7552,7336,8408,72978,72886,109392,109412,561,4347,4224,2.921,10.361,6.706,7.685,13.777,13.734,13.93,14.519,19.433,17.888,20.601,21.308,6.667,11.3,10.6,21.5,22.7,10.8,9.2
24246,0,0,DMDD,10.8720054757016,FEMALE,2.994298,3.00477,3.251667,2.99598933333333,19,20,1,2,12,12,1,0,22,23,0,0,14,22,0,0,6046.5,12918.8,256.0,330.0,4719.9,12383.1,176.0,0.0,8569.6,21505.0,0.0,0.0,5034.5,16811.2,0.0,0.0,1216,786,4628,1466,3622,3894,10086,5224,13.449,6.631,6.116,6.415,99.2,100.0,100.0,100.0,918.8,956.632,750.667,837.6,8.333,4.167,12.5,0.0,37.5,0.0,29.167,0.0,25.0,0.0,11.111,2.778,19.444,0.0,25.0,0.0,-68.105,0.306,64.325,8.38,0.527777778,0.555555556,0.027777778,0.055555556,0.5,0.5,0.041666667,0.0,0.6,0.657142857,0.0,0.0,0.608695652,0.956521739,0.0,0.0,0.885,0.784,0.75,0.751,4166,1970,6404,3754,72962,72950,109400,109374,315,1536,1324,5.71,2.7,5.854,3.432,1.667,1.077,4.23,1.34,4.964,5.338,9.219,4.776,5.0,3.9,4.0,1.9,2.6,0.0,1.7
24248,0,0,Sub-DMDD,8.46543463381246,MALE,2.67382066666667,2.50881033333333,2.51518333333333,2.455866,15,68,1,6,9,50,1,6,13,64,0,6,5,56,2,6,3331.0,45312.2,228.0,869.0,2355.6,28199.3,328.0,1032.0,2521.0,39893.2,0.0,1169.8,863.8,33843.5,367.0,1004.0,3048,3568,5468,4796,6164,6106,10288,9650,14.405,12.633,13.202,13.266,100.0,100.0,100.0,100.0,281.364,297.391,325.353,253.034,37.5,0.0,20.833,12.5,45.833,4.167,4.167,16.667,41.667,0.0,19.444,2.778,41.667,0.0,11.111,2.778,-240.895,-163.693,-238.589,-114.014,0.416666667,1.888888889,0.027777778,0.166666667,0.333333333,2.125,0.041666667,0.25,0.361111111,1.777777778,0.0,0.166666667,0.208333333,2.333333333,0.083333333,0.25,0.917,1.032,0.941,0.744,1102,2372,3174,2992,72922,72926,109374,109420,481,3099,2910,1.511,3.253,2.902,2.734,4.18,4.893,4.999,4.383,8.453,8.373,9.406,8.819,0.833,3.7,4.0,10.7,10.5,0.0,0.0
24249,0,0,ADHD,11.8795345653662,MALE,4.55855133333333,4.62495933333333,5.302824,4.76857066666667,9,53,2,4,6,39,3,1,12,57,1,1,9,34,1,1,3345.3,27066.8,966.0,843.0,1590.9,22054.3,1464.0,334.0,3163.5,32697.8,588.0,334.0,3822.0,19807.6,556.0,506.0,3038,5912,7032,3920,4812,8146,10424,8222,15.956,10.76,11.098,19.271,89.9,71.2,100.0,80.5,439.762,293.048,361.258,485.281,70.833,0.0,4.167,0.0,41.667,0.0,16.667,0.0,41.667,0.0,5.556,5.556,58.333,0.0,11.111,0.0,44.817,52.432,48.674,43.181,0.28125,1.65625,0.0625,0.125,0.272727273,1.772727273,0.136363636,0.045454545,0.323529412,1.705882353,0.029411765,0.029411765,0.391304348,1.47826087,0.043478261,0.043478261,0.752,0.685,0.766,0.733,12262,9596,20198,17416,72950,72948,109402,109414,1239,2672,2561,16.809,13.155,18.462,15.918,4.164,8.104,6.428,3.583,6.596,11.167,9.528,7.515,8.333,18.7,21.9,6.2,8.0,7.5,7.5
24250,0,0,HV,13.3388090349076,MALE,2.28150566666667,1.97262166666667,2.31285566666667,2.135487,2,64,17,5,7,51,7,6,11,55,6,11,3,33,3,8,338.0,33492.0,7817.9,1122.0,1733.8,25214.9,4694.6,965.8,2171.2,28328.4,1808.7,3414.8,1946.0,17947.3,536.0,2378.7,3246,6126,3078,7644,5614,8424,4162,11866,6.617,12.145,17.833,19.943,100.0,100.0,100.0,100.0,373.238,472.053,439.393,390.69,37.5,4.167,0.0,8.333,33.333,8.333,8.333,4.167,30.556,2.778,5.556,8.333,13.889,0.0,19.444,2.778,-84.89,-6.82,-63.851,-14.685,0.066666667,2.133333333,0.566666667,0.166666667,0.333333333,2.428571429,0.333333333,0.285714286,0.379310345,1.896551724,0.206896552,0.379310345,0.105263158,1.789473684,0.157894737,0.421052632,1.218,0.792,1.227,1.049,9870,18448,18766,23816,72952,72958,109414,109408,734,2348,2312,13.529,25.286,17.151,21.768,4.45,8.397,2.813,6.987,7.695,11.546,3.804,10.846,20.0,26.2,26.8,8.7,9.0,13.3,15.0
24254,0,0,HV,12.8980150581793,FEMALE,3.72821333333333,3.76626133333333,3.84502733333333,3.48528166666667,10,43,9,0,3,28,6,0,4,32,3,0,8,38,1,3,3170.1,25086.8,3324.4,0.0,754.4,18757.2,2957.1,0.0,1002.4,22725.1,1606.8,0.0,2463.0,20498.9,234.0,435.0,1806,4886,4008,3170,4190,9302,7028,7890,10.088,8.221,10.112,19.45,53.8,79.2,63.2,71.2,781.636,531.682,504.788,651.643,37.5,8.333,4.167,0.0,45.833,4.167,0.0,4.167,50.0,5.556,5.556,0.0,22.222,2.778,2.778,0.0,-166.685,-126.44,-177.903,-150.31,0.277777778,1.194444444,0.25,0.0,0.125,1.166666667,0.25,0.0,0.114285714,0.914285714,0.085714286,0.0,0.333333333,1.583333333,0.041666667,0.125,0.542,0.591,0.535,0.534,2042,4766,3994,5986,72934,72948,109400,109378,493,1952,1751,2.8,6.533,3.651,5.473,2.476,6.698,3.664,2.898,5.745,12.752,6.424,7.214,0.0,3.9,5.0,4.4,4.0,2.5,0.8
